time,type,value
1646373157.9360607,attention,0
1646373157.937056,meditation,0
1646373158.9413056,attention,0
1646373158.9422958,meditation,0
1646373159.9972975,attention,0
1646373159.9982958,meditation,0
1646373160.9559484,attention,0
1646373160.9569323,meditation,0
1646373161.9379537,attention,0
1646373161.9389517,meditation,0
1646373162.9781585,attention,0
1646373162.9781585,meditation,0
1646373163.9412303,attention,0
1646373163.9412303,meditation,0
1646373164.9379933,attention,0
1646373164.9389877,meditation,0
1646373165.9439816,attention,0
1646373165.9439816,meditation,0
1646373166.983108,attention,0
1646373166.983108,meditation,0
1646373167.955107,attention,0
1646373167.956107,meditation,0
1646373168.939967,attention,30
1646373168.939967,meditation,41
1646373169.9944797,attention,30
1646373169.9944797,meditation,35
1646373170.942245,attention,30
1646373170.9432507,meditation,35
1646373171.9389842,attention,30
1646373171.9389842,meditation,35
1646373172.9400663,attention,30
1646373172.9400663,meditation,35
1646373173.9611392,attention,30
1646373173.9611392,meditation,35
1646373174.941375,attention,37
1646373174.942376,meditation,38
1646373175.9418097,attention,37
1646373175.9418097,meditation,38
1646373176.9584196,attention,37
1646373176.9584196,meditation,38
1646373178.0064309,attention,37
1646373178.0064309,meditation,38
1646373178.9597976,attention,37
1646373178.9618495,meditation,38
1646373179.9397974,attention,35
1646373179.9397974,meditation,35
1646373180.954695,attention,35
1646373180.9557178,meditation,35
1646373181.9548075,attention,35
1646373181.955806,meditation,35
1646373182.9408007,attention,35
1646373182.9408007,meditation,35
1646373183.9819248,attention,35
1646373183.9819248,meditation,35
1646373184.9812381,attention,56
1646373184.9812381,meditation,30
1646373185.9392533,attention,56
1646373185.9402378,meditation,30
1646373186.9411862,attention,56
1646373186.9421842,meditation,30
1646373187.9421835,attention,63
1646373187.9421835,meditation,43
1646373188.9421442,attention,63
1646373188.9421442,meditation,43
1646373189.9401374,attention,63
1646373189.9401374,meditation,43
1646373190.9352803,attention,63
1646373190.9392982,meditation,43
1646373191.9802775,attention,63
1646373191.9802775,meditation,43
1646373192.9649365,attention,63
1646373192.9669409,meditation,53
1646373193.9405072,attention,63
1646373193.9405072,meditation,53
1646373194.9598615,attention,63
1646373194.960861,meditation,53
1646373196.005874,attention,63
1646373196.006863,meditation,53
1646373196.9407563,attention,63
1646373196.9407563,meditation,53
1646373197.9364007,attention,63
1646373197.9373949,meditation,53
1646373198.9521167,attention,63
1646373198.9539359,meditation,53
1646373199.9980345,attention,63
1646373199.9990354,meditation,53
1646373200.939689,attention,54
1646373200.939689,meditation,38
1646373201.9751995,attention,47
1646373201.976198,meditation,23
1646373202.9901366,attention,24
1646373202.9911373,meditation,8
1646373203.9401667,attention,3
1646373203.9411616,meditation,1
1646373204.9367175,attention,3
1646373204.9377012,meditation,1
1646373205.949283,attention,3
1646373205.949283,meditation,1
1646373206.936284,attention,3
1646373206.936284,meditation,1
1646373207.9428577,attention,3
1646373207.9428577,meditation,1
1646373208.9858503,attention,3
1646373208.9868686,meditation,1
1646373210.0098488,attention,3
1646373210.0098488,meditation,1
1646373210.9578657,attention,3
1646373210.9588623,meditation,1
1646373211.9355345,attention,3
1646373211.9425373,meditation,1
1646373212.947261,attention,29
1646373212.947261,meditation,1
1646373214.0031734,attention,29
1646373214.0041614,meditation,1
1646373214.940159,attention,29
1646373214.940159,meditation,1
1646373215.9933715,attention,29
1646373215.9933715,meditation,1
1646373216.992371,attention,29
1646373216.9933732,meditation,1
1646373217.9407794,attention,29
1646373217.9407794,meditation,1
1646373218.9375918,attention,29
1646373218.938608,meditation,1
1646373219.9421234,attention,21
1646373219.9421234,meditation,14
1646373220.9742024,attention,41
1646373220.9742024,meditation,23
1646373221.9388297,attention,41
1646373221.9398112,meditation,23
1646373222.9408033,attention,63
1646373222.9408033,meditation,43
1646373223.9563708,attention,63
1646373223.9573655,meditation,43
1646373224.9899733,attention,63
1646373224.9899733,meditation,43
1646373225.9371274,attention,57
1646373225.9381194,meditation,48
1646373226.9586442,attention,63
1646373226.9586442,meditation,50
1646373228.0000644,attention,63
1646373228.0000644,meditation,60
1646373228.9372382,attention,53
1646373228.9382308,meditation,48
1646373229.9403896,attention,44
1646373229.9413838,meditation,60
1646373230.9444,attention,51
1646373230.9444,meditation,63
1646373232.0077336,attention,51
1646373232.008732,meditation,63
1646373232.938281,attention,51
1646373232.9392798,meditation,63
1646373233.9393997,attention,53
1646373233.9393997,meditation,51
1646373234.9783952,attention,53
1646373234.9793952,meditation,51
1646373235.9350574,attention,53
1646373235.9370694,meditation,51
1646373236.9350548,attention,64
1646373236.9370651,meditation,56
1646373237.9359858,attention,70
1646373237.9359858,meditation,30
1646373238.9900339,attention,70
1646373238.9900339,meditation,30
1646373239.956218,attention,61
1646373239.956218,meditation,38
1646373240.94231,attention,63
1646373240.94231,meditation,24
1646373241.9580934,attention,63
1646373241.959086,meditation,24
1646373242.9550998,attention,63
1646373242.9560895,meditation,24
1646373243.935083,attention,50
1646373243.9361038,meditation,47
1646373244.9427435,attention,41
1646373244.9427435,meditation,54
1646373245.9934719,attention,26
1646373245.9944704,meditation,37
1646373246.9399936,attention,17
1646373246.9399936,meditation,48
1646373247.9560122,attention,47
1646373247.9569955,meditation,16
1646373248.966044,attention,47
1646373248.966044,meditation,16
1646373249.9355726,attention,47
1646373249.9355726,meditation,16
1646373250.9349825,attention,47
1646373250.9359853,meditation,16
1646373251.9592612,attention,47
1646373251.9592612,meditation,16
1646373252.9728146,attention,47
1646373252.9728146,meditation,16
1646373253.9350111,attention,47
1646373253.9350111,meditation,16
1646373254.9400232,attention,47
1646373254.9410105,meditation,16
1646373255.9490516,attention,40
1646373255.9500523,meditation,17
1646373257.0081437,attention,40
1646373257.0091438,meditation,17
1646373257.9359696,attention,57
1646373257.936954,meditation,41
1646373258.9381285,attention,57
1646373258.9391184,meditation,57
1646373259.9673262,attention,57
1646373259.9683292,meditation,57
1646373260.937,attention,57
1646373260.9379935,meditation,57
1646373261.9360244,attention,57
1646373261.9370284,meditation,57
1646373262.9460437,attention,57
1646373262.9460437,meditation,57
1646373264.0243566,attention,57
1646373264.0243566,meditation,57
1646373264.9463575,attention,57
1646373264.9473746,meditation,57
1646373265.943607,attention,57
1646373265.943607,meditation,57
1646373266.9481237,attention,57
1646373266.9481237,meditation,57
1646373267.9343204,attention,57
1646373267.9343204,meditation,57
1646373268.940027,attention,57
1646373268.941028,meditation,57
1646373269.9521737,attention,57
1646373269.9530318,meditation,57
1646373271.000175,attention,57
1646373271.000175,meditation,57
1646373271.9505792,attention,57
1646373271.9505792,meditation,57
1646373272.9510825,attention,57
1646373272.9510825,meditation,57
1646373273.9426837,attention,57
1646373273.9426837,meditation,57
1646373274.937248,attention,57
1646373274.9382346,meditation,57
1646373275.9384272,attention,57
1646373275.9394286,meditation,57
1646373276.9374435,attention,57
1646373276.9374435,meditation,57
1646373278.1069565,attention,57
1646373278.107957,meditation,57
1646373278.9700246,attention,57
1646373278.9710243,meditation,57
1646373279.9677372,attention,38
1646373279.9687665,meditation,88
1646373280.9543483,attention,43
1646373280.9563487,meditation,81
1646373281.977939,attention,43
1646373281.977939,meditation,81
1646373283.1349416,attention,43
1646373283.1359522,meditation,81
1646373284.0800776,attention,43
1646373284.0810754,meditation,81
1646373284.9790566,attention,43
1646373284.9790566,meditation,81
1646373285.9447947,attention,43
1646373285.9447947,meditation,81
1646373286.9441643,attention,43
1646373286.9451625,meditation,81
1646373287.9377224,attention,43
1646373287.9387393,meditation,81
1646373289.0482204,attention,43
1646373289.0482204,meditation,81
1646373289.9388783,attention,43
1646373289.9398785,meditation,81
1646373290.9430423,attention,43
1646373290.9440343,meditation,81
1646373291.9401069,attention,50
1646373291.9411104,meditation,67
1646373292.9360902,attention,50
1646373292.9370813,meditation,53
1646373293.939827,attention,51
1646373293.939827,meditation,40
1646373294.9358363,attention,54
1646373294.9378357,meditation,40
1646373296.0272908,attention,54
1646373296.0272908,meditation,40
1646373296.9568799,attention,54
1646373296.9578767,meditation,40
1646373297.941579,attention,43
1646373297.941579,meditation,61
1646373298.945102,attention,41
1646373298.9461038,meditation,80
1646373299.9563067,attention,44
1646373299.9563067,meditation,74
1646373300.9424338,attention,37
1646373300.9424338,meditation,66
1646373301.9960852,attention,41
1646373301.9960852,meditation,44
1646373303.0031002,attention,50
1646373303.0060844,meditation,37
1646373303.9547505,attention,27
1646373303.9557507,meditation,41
1646373304.943307,attention,23
1646373304.943307,meditation,44
1646373305.9760194,attention,23
1646373305.9760194,meditation,44
1646373307.013672,attention,23
1646373307.0146775,meditation,44
1646373307.9421682,attention,23
1646373307.9431524,meditation,44
1646373308.9432154,attention,23
1646373308.9432154,meditation,44
1646373309.96796,attention,23
1646373309.9689517,meditation,44
1646373310.935988,attention,23
1646373310.9369972,meditation,44
1646373311.979315,attention,23
1646373311.979315,meditation,44
1646373312.93636,attention,23
1646373312.9383707,meditation,44
1646373314.0123572,attention,23
1646373314.0123572,meditation,44
1646373314.9363914,attention,14
1646373314.9373724,meditation,43
1646373315.9423592,attention,10
1646373315.9433577,meditation,48
1646373316.9658775,attention,24
1646373316.9668837,meditation,37
1646373317.9364333,attention,24
1646373317.937431,meditation,37
1646373318.9383245,attention,24
1646373318.939305,meditation,37
1646373319.9363225,attention,24
1646373319.9363225,meditation,37
1646373321.0093038,attention,24
1646373321.0093038,meditation,37
1646373321.9343061,attention,30
1646373321.9353123,meditation,37
1646373322.9483154,attention,41
1646373322.9493115,meditation,34
1646373324.8962576,attention,44
1646373324.8962576,meditation,11
1646373325.0166633,attention,51
1646373325.0166633,meditation,11
1646373326.727318,attention,78
1646373326.727318,meditation,27
1646373327.32917,attention,67
1646373327.32917,meditation,37
1646373328.2388887,attention,70
1646373328.2403622,meditation,50
1646373329.0540311,attention,66
1646373329.0550466,meditation,75
1646373330.7608395,attention,48
1646373330.7608395,meditation,83
1646373331.7750819,attention,57
1646373331.7760832,meditation,91
1646373332.9417906,attention,61
1646373332.9417906,meditation,80
1646373333.9893115,attention,61
1646373333.99031,meditation,80
1646373334.9908552,attention,61
1646373334.9918425,meditation,80
1646373335.940856,attention,61
1646373335.942837,meditation,80
1646373336.9659488,attention,61
1646373336.9659488,meditation,80
1646373338.0034363,attention,60
1646373338.0044334,meditation,64
1646373338.9741037,attention,54
1646373338.975089,meditation,54
1646373339.9498506,attention,53
1646373339.9498506,meditation,69
1646373341.0999124,attention,53
1646373341.0999124,meditation,69
1646373342.0831475,attention,56
1646373342.0841436,meditation,64
1646373343.1510441,attention,63
1646373343.1520612,meditation,77
1646373344.1237245,attention,63
1646373344.1237245,meditation,77
1646373345.4920707,attention,60
1646373345.4920707,meditation,84
1646373345.9599192,attention,69
1646373345.9599192,meditation,69
1646373347.341111,attention,78
1646373347.3431125,meditation,64
1646373348.2263446,attention,78
1646373348.2263446,meditation,64
1646373350.0293028,attention,74
1646373350.0293028,meditation,29
1646373358.9926558,attention,37
1646373358.9926558,meditation,67
1646373368.9376373,attention,57
1646373368.9386368,meditation,30
1646373369.9345229,attention,81
1646373369.9345229,meditation,63
1646373370.9635267,attention,100
1646373370.9635267,meditation,74
1646373371.9375463,attention,97
1646373371.9385407,meditation,63
1646373372.9495394,attention,96
1646373372.9525416,meditation,80
1646373373.9362848,attention,67
1646373373.9382782,meditation,75
1646373374.9328523,attention,60
1646373374.9338527,meditation,69
1646373375.9345026,attention,44
1646373375.9345026,meditation,61
1646373376.9356046,attention,35
1646373376.9366412,meditation,47
1646373377.982575,attention,37
1646373377.983575,meditation,56
1646373378.949476,attention,20
1646373378.949476,meditation,37
1646373379.936159,attention,27
1646373379.9421625,meditation,56
1646373380.9344106,attention,40
1646373380.9364412,meditation,64
1646373381.9923217,attention,54
1646373381.9933202,meditation,47
1646373382.9333212,attention,67
1646373382.9343379,meditation,80
1646373383.9353487,attention,60
1646373383.936343,meditation,67
1646373384.942321,attention,60
1646373384.944321,meditation,44
1646373385.9343183,attention,50
1646373385.9353223,meditation,44
1646373386.9333189,attention,44
1646373386.9343348,meditation,20
1646373387.93734,attention,44
1646373387.9383318,meditation,20
1646373389.0063195,attention,63
1646373389.0063195,meditation,16
1646373389.935013,attention,56
1646373389.935013,meditation,48
1646373390.9350095,attention,51
1646373390.9350095,meditation,50
1646373391.9925885,attention,43
1646373391.99359,meditation,63
1646373392.9353926,attention,43
1646373392.9364085,meditation,63
1646373393.938088,attention,43
1646373393.9390888,meditation,63
1646373394.9348905,attention,43
1646373394.9348905,meditation,63
1646373395.99701,attention,38
1646373395.998008,meditation,84
1646373396.934306,attention,38
1646373396.9353015,meditation,75
1646373397.9358552,attention,47
1646373397.9378288,meditation,77
1646373398.9386146,attention,56
1646373398.9396122,meditation,67
1646373399.9537184,attention,63
1646373399.9537184,meditation,41
1646373400.936725,attention,61
1646373400.9387157,meditation,41
1646373401.9354718,attention,60
1646373401.9364717,meditation,26
1646373402.9424522,attention,60
1646373402.9424522,meditation,26
1646373403.9364667,attention,60
1646373403.9384482,meditation,26
1646373404.9334545,attention,57
1646373404.9334545,meditation,17
1646373405.9360466,attention,48
1646373405.9370492,meditation,41
1646373406.974043,attention,61
1646373406.974043,meditation,41
1646373407.939808,attention,63
1646373407.939808,meditation,54
1646373408.9358127,attention,54
1646373408.936799,meditation,63
1646373409.9358025,attention,54
1646373409.9388072,meditation,47
1646373410.9333446,attention,54
1646373410.9343383,meditation,47
1646373411.9333673,attention,29
1646373411.9363756,meditation,43
1646373412.9333644,attention,23
1646373412.9333644,meditation,37
1646373413.9623652,attention,27
1646373413.9623652,meditation,38
1646373414.9333627,attention,30
1646373414.9333627,meditation,56
1646373415.934367,attention,54
1646373415.9353657,meditation,56
1646373416.9333637,attention,57
1646373416.934364,meditation,57
1646373417.9333737,attention,69
1646373417.934371,meditation,70
1646373418.9353893,attention,70
1646373418.9363794,meditation,56
1646373419.9349544,attention,53
1646373419.9349544,meditation,53
1646373420.9569457,attention,70
1646373420.9579458,meditation,56
1646373421.9336066,attention,57
1646373421.9346066,meditation,26
1646373422.936226,attention,53
1646373422.9372587,meditation,23
1646373423.9344337,attention,56
1646373423.9354367,meditation,34
1646373424.975164,attention,38
1646373424.975164,meditation,35
1646373425.9320936,attention,51
1646373425.933091,meditation,61
1646373426.9340959,attention,51
1646373426.9340959,meditation,77
1646373427.934091,attention,51
1646373427.934091,meditation,57
1646373428.936326,attention,48
1646373428.9373012,meditation,74
1646373429.9353101,attention,38
1646373429.9363046,meditation,64
1646373430.9342916,attention,50
1646373430.9342916,meditation,67
1646373431.9743314,attention,43
1646373431.9743314,meditation,88
1646373432.934336,attention,51
1646373432.934336,meditation,75
1646373433.934007,attention,50
1646373433.9350057,meditation,56
1646373434.9329898,attention,30
1646373434.9329898,meditation,57
1646373435.9323838,attention,44
1646373435.9323838,meditation,56
1646373436.9333959,attention,43
1646373436.934399,meditation,75
1646373437.9331717,attention,38
1646373437.9341822,meditation,100
1646373438.9611626,attention,48
1646373438.9611626,meditation,100
1646373439.9337506,attention,44
1646373439.9337506,meditation,90
1646373440.9337373,attention,44
1646373440.9337373,meditation,87
1646373441.9348676,attention,50
1646373441.9358807,meditation,66
1646373442.9548767,attention,41
1646373442.955862,meditation,77
1646373443.941483,attention,43
1646373443.941483,meditation,77
1646373444.9334834,attention,38
1646373444.9345005,meditation,70
1646373445.942066,attention,23
1646373445.943078,meditation,61
1646373446.9332716,attention,37
1646373446.9332716,meditation,66
1646373447.9399972,attention,29
1646373447.94099,meditation,84
1646373448.9329896,attention,23
1646373448.9329896,meditation,83
1646373449.972106,attention,50
1646373449.972106,meditation,100
1646373450.9341104,attention,40
1646373450.9341104,meditation,100
1646373451.9351,attention,43
1646373451.9370925,meditation,100
1646373452.933177,attention,51
1646373452.933177,meditation,100
1646373453.9343064,attention,44
1646373453.9343064,meditation,90
1646373454.933352,attention,35
1646373454.933352,meditation,87
1646373455.9333565,attention,50
1646373455.9343479,meditation,78
1646373456.9629962,attention,48
1646373456.9629962,meditation,57
1646373457.9340055,attention,60
1646373457.9350133,meditation,74
1646373458.9334247,attention,81
1646373458.9344177,meditation,64
1646373459.9354143,attention,78
1646373459.9354143,meditation,61
1646373460.9341824,attention,78
1646373460.9382071,meditation,61
1646373461.9341822,attention,78
1646373461.9351912,meditation,61
1646373462.9339607,attention,88
1646373462.934969,meditation,70
1646373463.9539626,attention,88
1646373463.954976,meditation,70
1646373464.933128,attention,70
1646373464.933128,meditation,74
1646373465.9346457,attention,70
1646373465.9346457,meditation,74
1646373466.9376562,attention,70
1646373466.9376562,meditation,74
1646373467.9896526,attention,56
1646373467.9896526,meditation,77
1646373468.932742,attention,54
1646373468.932742,meditation,67
1646373469.93231,attention,38
1646373469.9333038,meditation,54
1646373470.9420207,attention,34
1646373470.943021,meditation,54
1646373471.9315877,attention,48
1646373471.9315877,meditation,47
1646373472.9325106,attention,48
1646373472.9325106,meditation,47
1646373473.9315162,attention,48
1646373473.9315162,meditation,47
1646373474.9685197,attention,48
1646373474.9695168,meditation,47
1646373475.9330878,attention,48
1646373475.9330878,meditation,47
1646373476.9325938,attention,34
1646373476.9325938,meditation,48
1646373477.933138,attention,38
1646373477.933138,meditation,53
1646373478.9322324,attention,48
1646373478.9332428,meditation,40
1646373479.9335172,attention,51
1646373479.9335172,meditation,24
1646373480.9330077,attention,51
1646373480.9340148,meditation,30
1646373481.9611013,attention,40
1646373481.9611013,meditation,13
1646373482.9331617,attention,38
1646373482.9331617,meditation,27
1646373483.93271,attention,38
1646373483.93271,meditation,27
1646373484.9336388,attention,37
1646373484.9346418,meditation,37
1646373485.9546342,attention,37
1646373485.9556463,meditation,37
1646373486.9326217,attention,48
1646373486.9326217,meditation,43
1646373487.9321616,attention,53
1646373487.9331603,meditation,61
1646373488.9457476,attention,47
1646373488.9467463,meditation,50
1646373489.9327493,attention,51
1646373489.9347522,meditation,61
1646373490.9340131,attention,61
1646373490.9350111,meditation,47
1646373491.9360154,attention,84
1646373491.9370217,meditation,50
1646373492.974999,attention,96
1646373492.974999,meditation,53
1646373493.9320092,attention,80
1646373493.9330077,meditation,53
1646373494.9327624,attention,75
1646373494.9327624,meditation,64
1646373495.9357677,attention,56
1646373495.9367814,meditation,51
1646373496.9324741,attention,54
1646373496.9334471,meditation,44
1646373497.9330027,attention,51
1646373497.933982,meditation,44
1646373498.9332457,attention,35
1646373498.9342353,meditation,38
1646373499.9613876,attention,27
1646373499.9613876,meditation,43
1646373500.9333954,attention,20
1646373500.9333954,meditation,44
1646373501.9343894,attention,10
1646373501.9343894,meditation,20
1646373502.9329438,attention,10
1646373502.9329438,meditation,20
1646373503.933933,attention,13
1646373503.9359431,meditation,24
1646373504.932534,attention,35
1646373504.932534,meditation,38
1646373505.9341311,attention,48
1646373505.9371157,meditation,40
1646373506.9459643,attention,66
1646373506.9459643,meditation,60
1646373507.9319668,attention,63
1646373507.9319668,meditation,51
1646373508.933331,attention,53
1646373508.934314,meditation,48
1646373509.9359004,attention,43
1646373509.9368832,meditation,60
1646373510.9866035,attention,48
1646373510.9876177,meditation,67
1646373511.9336028,attention,53
1646373511.9346006,meditation,75
1646373512.9338834,attention,48
1646373512.9348755,meditation,80
1646373513.9408631,attention,48
1646373513.9408631,meditation,80
1646373514.9314914,attention,57
1646373514.9325,meditation,88
1646373515.9314945,attention,47
1646373515.9314945,meditation,80
1646373516.9339118,attention,56
1646373516.934911,meditation,90
1646373517.9669054,attention,67
1646373517.9669054,meditation,88
1646373518.9353638,attention,56
1646373518.936358,meditation,66
1646373519.9323695,attention,57
1646373519.9323695,meditation,63
1646373520.9318922,attention,47
1646373520.9318922,meditation,41
1646373521.9318898,attention,43
1646373521.9318898,meditation,35
1646373522.9320312,attention,48
1646373522.9320312,meditation,44
1646373523.9321594,attention,51
1646373523.9341674,meditation,44
1646373524.9618404,attention,51
1646373524.962844,meditation,61
1646373525.9419508,attention,57
1646373525.9419508,meditation,74
1646373526.9371188,attention,63
1646373526.9381235,meditation,78
1646373527.9344835,attention,63
1646373527.9355066,meditation,78
1646373528.9535923,attention,54
1646373528.9545815,meditation,75
1646373529.9323578,attention,50
1646373529.9323578,meditation,64
1646373530.931748,attention,47
1646373530.9327562,meditation,54
1646373531.9387414,attention,35
1646373531.9387414,meditation,27
1646373532.9329422,attention,27
1646373532.9339414,meditation,24
1646373533.9330785,attention,50
1646373533.9330785,meditation,37
1646373534.9337435,attention,50
1646373534.9337435,meditation,37
1646373535.969196,attention,48
1646373535.9711874,meditation,38
1646373536.932385,attention,48
1646373536.932385,meditation,38
1646373537.9334874,attention,54
1646373537.9334874,meditation,53
1646373538.9329717,attention,67
1646373538.9329717,meditation,64
1646373539.9319687,attention,67
1646373539.9319687,meditation,64
1646373540.9330084,attention,47
1646373540.9380026,meditation,44
1646373541.937012,attention,43
1646373541.9380252,meditation,50
1646373542.9569697,attention,48
1646373542.9579682,meditation,56
1646373543.9319663,attention,40
1646373543.9329753,meditation,44
1646373544.9321303,attention,40
1646373544.9331224,meditation,44
1646373545.934135,attention,40
1646373545.934135,meditation,61
1646373546.958369,attention,40
1646373546.9593747,meditation,61
1646373547.934084,attention,40
1646373547.9350755,meditation,61
1646373548.9324422,attention,40
1646373548.933441,meditation,61
1646373549.9459596,attention,40
1646373549.9459596,meditation,61
1646373550.9324954,attention,38
1646373550.9334981,meditation,50
1646373551.9335032,attention,38
1646373551.9345052,meditation,50
1646373552.9336576,attention,38
1646373552.9346461,meditation,50
1646373553.975645,attention,38
1646373553.975645,meditation,50
1646373554.93427,attention,38
1646373554.9352858,meditation,50
1646373555.9342926,attention,38
1646373555.9352841,meditation,47
1646373556.9328768,attention,44
1646373556.933875,meditation,56
1646373557.9363973,attention,44
1646373557.9374201,meditation,56
1646373558.9360824,attention,60
1646373558.937099,meditation,54
1646373559.9330828,attention,74
1646373559.9340847,meditation,69
1646373560.9593418,attention,74
1646373560.9593418,meditation,69
1646373561.9363456,attention,74
1646373561.9363456,meditation,69
1646373562.9310465,attention,67
1646373562.9320414,meditation,66
1646373563.934058,attention,64
1646373563.9350436,meditation,70
1646373564.9310434,attention,53
1646373564.932043,meditation,70
1646373565.9320455,attention,37
1646373565.9320455,meditation,61
1646373566.933997,attention,29
1646373566.933997,meditation,63
1646373567.9627042,attention,26
1646373567.963707,meditation,64
1646373568.9318666,attention,26
1646373568.9318666,meditation,69
1646373569.931424,attention,20
1646373569.932411,meditation,60
1646373570.931534,attention,20
1646373570.931534,meditation,60
1646373571.9755173,attention,20
1646373571.9765172,meditation,60
1646373572.9310474,attention,37
1646373572.9310474,meditation,69
1646373573.9315794,attention,40
1646373573.9315794,meditation,61
1646373574.9386213,attention,40
1646373574.9406228,meditation,61
1646373575.932619,attention,51
1646373575.932619,meditation,66
1646373576.9313252,attention,63
1646373576.9333377,meditation,80
1646373577.9304445,attention,56
1646373577.9304445,meditation,74
1646373578.9635692,attention,63
1646373578.9645665,meditation,66
1646373579.9319994,attention,53
1646373579.9330134,meditation,60
1646373580.9319968,attention,47
1646373580.9319968,meditation,60
1646373581.9349952,attention,24
1646373581.9359987,meditation,51
1646373582.9309971,attention,29
1646373582.9309971,meditation,57
1646373583.9310055,attention,38
1646373583.9319947,meditation,53
1646373584.9327788,attention,60
1646373584.9327788,meditation,50
1646373585.9598715,attention,80
1646373585.9598715,meditation,66
1646373586.9308722,attention,74
1646373586.9318812,meditation,74
1646373587.9318771,attention,80
1646373587.93289,meditation,69
1646373588.9337673,attention,64
1646373588.9337673,meditation,81
1646373589.9617615,attention,64
1646373589.9617615,meditation,81
1646373590.9401596,attention,64
1646373590.9401596,meditation,81
1646373591.9321594,attention,78
1646373591.9321594,meditation,64
1646373592.9411569,attention,81
1646373592.9421568,meditation,53
1646373593.9317198,attention,63
1646373593.9337208,meditation,50
1646373594.9336293,attention,53
1646373594.9346244,meditation,26
1646373595.9326365,attention,23
1646373595.933629,meditation,40
1646373596.9773257,attention,20
1646373596.9773257,meditation,43
1646373597.9303277,attention,13
1646373597.9313283,meditation,54
1646373598.9308894,attention,11
1646373598.9308894,meditation,63
1646373599.9339387,attention,21
1646373599.9349072,meditation,60
1646373600.9318914,attention,26
1646373600.9318914,meditation,63
1646373601.9339242,attention,41
1646373601.934897,meditation,67
1646373602.9318254,attention,50
1646373602.9328206,meditation,81
1646373603.9608169,attention,44
1646373603.9608169,meditation,75
1646373604.932972,attention,44
1646373604.933967,meditation,75
1646373605.933133,attention,40
1646373605.933133,meditation,67
1646373606.9316978,attention,35
1646373606.9327064,meditation,48
1646373607.931701,attention,38
1646373607.931701,meditation,43
1646373608.9325097,attention,43
1646373608.9335182,meditation,53
1646373609.9305174,attention,43
1646373609.931523,meditation,67
1646373610.9528117,attention,57
1646373610.9538016,meditation,77
1646373611.9297936,attention,57
1646373611.9307985,meditation,77
1646373612.9309547,attention,53
1646373612.9309547,meditation,83
1646373613.9335337,attention,53
1646373613.9335337,meditation,83
1646373614.9845366,attention,53
1646373614.985534,meditation,83
1646373615.930507,attention,47
1646373615.930507,meditation,88
1646373616.9305084,attention,41
1646373616.9335227,meditation,69
1646373617.9335222,attention,40
1646373617.9335222,meditation,66
1646373618.9309647,attention,41
1646373618.9319706,meditation,51
1646373619.9309573,attention,56
1646373619.9309573,meditation,48
1646373620.9299562,attention,75
1646373620.930961,meditation,57
1646373621.962956,attention,61
1646373621.9639645,meditation,63
1646373622.9307892,attention,63
1646373622.9317796,meditation,69
1646373623.9307709,attention,67
1646373623.9307709,meditation,67
1646373624.9306264,attention,50
1646373624.931621,meditation,60
1646373625.9306338,attention,51
1646373625.9316263,meditation,69
1646373626.9311945,attention,57
1646373626.9311945,meditation,77
1646373627.931183,attention,63
1646373627.931183,meditation,77
1646373628.9638603,attention,77
1646373628.9638603,meditation,88
1646373629.932556,attention,67
1646373629.9335575,meditation,77
1646373630.9302583,attention,60
1646373630.9312613,meditation,69
1646373631.9312663,attention,47
1646373631.9312663,meditation,61
1646373632.9511569,attention,35
1646373632.9511569,meditation,61
1646373633.9347062,attention,35
1646373633.9367118,meditation,53
1646373634.9307454,attention,23
1646373634.9307454,meditation,40
1646373635.9447439,attention,20
1646373635.9447439,meditation,37
1646373636.9307458,attention,38
1646373636.9307458,meditation,38
1646373637.930743,attention,37
1646373637.930743,meditation,41
1646373638.9307315,attention,43
1646373638.931737,meditation,51
1646373639.9637268,attention,48
1646373639.964738,meditation,47
1646373640.9327343,attention,38
1646373640.9327343,meditation,37
1646373641.930735,attention,41
1646373641.9317317,meditation,48
1646373642.931312,attention,41
1646373642.9323225,meditation,48
1646373643.9313164,attention,41
1646373643.932331,meditation,48
1646373644.93264,attention,57
1646373644.9336298,meditation,54
1646373645.9307537,attention,63
1646373645.9307537,meditation,57
1646373646.9627433,attention,64
1646373646.9637454,meditation,75
1646373647.9307463,attention,70
1646373647.9307463,meditation,75
1646373648.930792,attention,57
1646373648.9318066,meditation,66
1646373649.9307876,attention,43
1646373649.9307876,meditation,57
1646373650.9321544,attention,43
1646373650.933165,meditation,57
1646373651.9311647,attention,44
1646373651.9311647,meditation,40
1646373652.9320796,attention,44
1646373652.933088,meditation,43
1646373653.947136,attention,48
1646373653.947136,meditation,51
1646373654.9310718,attention,50
1646373654.9310718,meditation,53
1646373655.9325876,attention,53
1646373655.9335952,meditation,66
1646373656.9322772,attention,60
1646373656.9322772,meditation,60
1646373657.9817648,attention,69
1646373657.9827602,meditation,60
1646373658.9306083,attention,77
1646373658.931612,meditation,69
1646373659.9295943,attention,77
1646373659.9295943,meditation,69
1646373660.9325964,attention,70
1646373660.9336019,meditation,63
1646373661.9305978,attention,80
1646373661.9346035,meditation,61
1646373662.9294374,attention,80
1646373662.9294374,meditation,61
1646373663.929028,attention,80
1646373663.929028,meditation,61
1646373664.9636586,attention,60
1646373664.9636586,meditation,54
1646373665.930657,attention,56
1646373665.930657,meditation,60
1646373666.9294457,attention,50
1646373666.9294457,meditation,56
1646373667.9430285,attention,35
1646373667.9430285,meditation,53
1646373668.9315054,attention,34
1646373668.9315054,meditation,54
1646373669.9334896,attention,26
1646373669.9334896,meditation,53
1646373670.9303496,attention,30
1646373670.9313345,meditation,63
1646373671.9584634,attention,34
1646373671.9584634,meditation,63
1646373672.9304478,attention,44
1646373672.9314482,meditation,64
1646373673.9294436,attention,54
1646373673.9294436,meditation,57
1646373674.930132,attention,50
1646373674.9311519,meditation,63
1646373675.9728396,attention,63
1646373675.9738355,meditation,80
1646373676.93046,attention,56
1646373676.9314663,meditation,91
1646373677.9294508,attention,50
1646373677.9294508,meditation,90
1646373678.9425724,attention,57
1646373678.9425724,meditation,91
1646373679.9305847,attention,56
1646373679.9315882,meditation,87
1646373680.9325058,attention,61
1646373680.9334958,meditation,63
1646373681.9325001,attention,66
1646373681.9325001,meditation,60
1646373682.9751956,attention,77
1646373682.9751956,meditation,50
1646373683.935206,attention,70
1646373683.9362106,meditation,40
1646373684.9302204,attention,69
1646373684.9312456,meditation,67
1646373685.929217,attention,70
1646373685.9302263,meditation,87
1646373686.9312167,attention,61
1646373686.932224,meditation,87
1646373687.9302158,attention,51
1646373687.931228,meditation,93
1646373688.9307199,attention,50
1646373688.9317303,meditation,64
1646373689.9617126,attention,41
1646373689.9617126,meditation,48
1646373690.9302294,attention,37
1646373690.9302294,meditation,48
1646373691.93223,attention,50
1646373691.9332488,meditation,44
1646373692.9334114,attention,48
1646373692.9343963,meditation,51
1646373693.9305606,attention,44
1646373693.93156,meditation,54
1646373694.9295805,attention,53
1646373694.9305897,meditation,54
1646373695.9315913,attention,60
1646373695.932593,meditation,53
1646373696.9595835,attention,61
1646373696.9595835,meditation,48
1646373697.9297075,attention,67
1646373697.9307098,meditation,47
1646373698.9310691,attention,61
1646373698.9320552,meditation,50
1646373699.9310577,attention,48
1646373699.9320602,meditation,48
1646373700.9740443,attention,50
1646373700.9740443,meditation,44
1646373701.9317358,attention,56
1646373701.9317358,meditation,50
1646373702.9317946,attention,56
1646373702.9328232,meditation,50
1646373703.9303057,attention,56
1646373703.9303057,meditation,50
1646373704.9303098,attention,48
1646373704.9303098,meditation,44
1646373705.9303093,attention,43
1646373705.9313111,meditation,53
1646373706.9289412,attention,43
1646373706.9299414,meditation,53
1646373707.9615097,attention,50
1646373707.9615097,meditation,75
1646373708.9341733,attention,40
1646373708.93518,meditation,75
1646373709.9291668,attention,44
1646373709.9291668,meditation,81
1646373710.9317956,attention,44
1646373710.9327893,meditation,78
1646373711.9303145,attention,29
1646373711.9303145,meditation,64
1646373712.9294102,attention,38
1646373712.930422,meditation,50
1646373713.9304237,attention,41
1646373713.9314258,meditation,44
1646373714.957571,attention,38
1646373714.9585693,meditation,30
1646373715.9295697,attention,50
1646373715.9295697,meditation,38
1646373716.929347,attention,44
1646373716.929347,meditation,44
1646373717.9290996,attention,50
1646373717.9290996,meditation,48
1646373718.9591532,attention,50
1646373718.9591532,meditation,64
1646373719.9296727,attention,48
1646373719.9296727,meditation,69
1646373720.9287117,attention,54
1646373720.9287117,meditation,77
1646373721.9353275,attention,56
1646373721.9353275,meditation,69
1646373722.931303,attention,78
1646373722.931303,meditation,63
1646373723.9294202,attention,63
1646373723.9294202,meditation,51
1646373724.9309847,attention,74
1646373724.9309847,meditation,60
1646373725.9735055,attention,64
1646373725.9745016,meditation,64
1646373726.9295025,attention,66
1646373726.9295025,meditation,77
1646373727.9291496,attention,87
1646373727.9291496,meditation,69
1646373728.9296927,attention,83
1646373728.9307086,meditation,60
1646373729.9291646,attention,88
1646373729.9291646,meditation,47
1646373730.9291651,attention,78
1646373730.9291651,meditation,30
1646373731.9327524,attention,78
1646373731.9327524,meditation,51
1646373732.9609377,attention,63
1646373732.9609377,meditation,56
1646373733.9290917,attention,64
1646373733.9290917,meditation,77
1646373734.929178,attention,70
1646373734.929178,meditation,87
1646373735.929577,attention,87
1646373735.929577,meditation,87
1646373736.9295766,attention,100
1646373736.9295766,meditation,90
1646373737.9297323,attention,87
1646373737.9307373,meditation,75
1646373738.929827,attention,77
1646373738.9318473,meditation,67
1646373739.945375,attention,60
1646373739.945375,meditation,60
1646373740.9314332,attention,56
1646373740.9314332,meditation,51
1646373741.93035,attention,70
1646373741.93035,meditation,63
1646373742.929351,attention,87
1646373742.9303734,meditation,57
1646373743.9773126,attention,91
1646373743.9773126,meditation,53
1646373744.9323242,attention,81
1646373744.9323242,meditation,53
1646373745.9294648,attention,67
1646373745.9294648,meditation,37
1646373746.9374847,attention,47
1646373746.9384794,meditation,48
1646373747.9304721,attention,37
1646373747.933489,meditation,47
1646373748.9301527,attention,41
1646373748.9301527,meditation,60
1646373749.9330997,attention,35
1646373749.9340982,meditation,66
1646373750.9620912,attention,47
1646373750.9620912,meditation,61
1646373751.928764,attention,43
1646373751.929759,meditation,67
1646373752.9287574,attention,51
1646373752.9287574,meditation,63
1646373753.929174,attention,61
1646373753.929174,meditation,80
1646373754.9361892,attention,61
1646373754.9421942,meditation,84
1646373755.933163,attention,67
1646373755.9351661,meditation,81
1646373756.9281633,attention,51
1646373756.9281633,meditation,74
1646373757.9632394,attention,51
1646373757.9642503,meditation,48
1646373758.9285245,attention,43
1646373758.9285245,meditation,30
1646373759.9295564,attention,54
1646373759.9295564,meditation,30
1646373760.9295454,attention,61
1646373760.9345524,meditation,48
1646373761.9503255,attention,67
1646373761.9503255,meditation,48
1646373762.9293225,attention,63
1646373762.9293225,meditation,63
1646373763.9303222,attention,61
1646373763.9303222,meditation,78
1646373764.9313197,attention,64
1646373764.9323263,meditation,69
1646373765.9293215,attention,63
1646373765.9293215,meditation,81
1646373766.9283247,attention,63
1646373766.9283247,meditation,83
1646373767.928276,attention,50
1646373767.928276,meditation,70
1646373768.9760087,attention,38
1646373768.9760087,meditation,67
1646373769.9287076,attention,38
1646373769.9287076,meditation,66
1646373770.9297967,attention,50
1646373770.9297967,meditation,64
1646373771.9276748,attention,57
1646373771.9286785,meditation,63
1646373772.9276764,attention,70
1646373772.9286747,meditation,69
1646373773.9278777,attention,69
1646373773.9288802,meditation,70
1646373774.9288778,attention,53
1646373774.9288778,meditation,63
1646373775.9575431,attention,30
1646373775.9585035,meditation,60
1646373776.9295034,attention,14
1646373776.9295034,meditation,54
1646373777.9280753,attention,14
1646373777.9280753,meditation,54
1646373778.930939,attention,1
1646373778.9319305,meditation,35
1646373779.9289322,attention,4
1646373779.9289322,meditation,43
1646373780.9289293,attention,24
1646373780.9289293,meditation,53
1646373781.9310138,attention,40
1646373781.9310138,meditation,64
1646373782.9470036,attention,57
1646373782.9480088,meditation,94
1646373783.9293098,attention,53
1646373783.9293098,meditation,96
1646373784.9319744,attention,51
1646373784.9379997,meditation,94
1646373785.9281466,attention,44
1646373785.929148,meditation,67
1646373786.9741528,attention,54
1646373786.9751558,meditation,69
1646373787.9307923,attention,63
1646373787.9307923,meditation,57
1646373788.9285903,attention,64
1646373788.9285903,meditation,51
1646373789.930972,attention,61
1646373789.9319584,meditation,41
1646373790.9291856,attention,61
1646373790.9312012,meditation,41
1646373791.928709,attention,61
1646373791.928709,meditation,41
1646373792.9297082,attention,56
1646373792.9307225,meditation,37
1646373793.9660244,attention,37
1646373793.9670296,meditation,30
1646373794.932015,attention,29
1646373794.9330127,meditation,21
1646373795.9348106,attention,29
1646373795.9348106,meditation,21
1646373796.929809,attention,34
1646373796.930813,meditation,56
1646373797.9289181,attention,24
1646373797.9289181,meditation,41
1646373798.9337125,attention,37
1646373798.9337125,meditation,41
1646373799.938736,attention,40
1646373799.9407163,meditation,48
1646373800.9513767,attention,40
1646373800.9513767,meditation,48
1646373801.9284055,attention,56
1646373801.9284055,meditation,26
1646373802.9304123,attention,66
1646373802.9314125,meditation,34
1646373803.9278836,attention,67
1646373803.928892,meditation,29
1646373804.9774067,attention,77
1646373804.9774067,meditation,35
1646373805.9284048,attention,61
1646373805.9294035,meditation,23
1646373806.9274032,attention,67
1646373806.9274032,meditation,26
1646373807.934045,attention,74
1646373807.9350677,meditation,37
1646373808.9280467,attention,75
1646373808.9280467,meditation,40
1646373809.927275,attention,69
1646373809.9282727,meditation,51
1646373810.9278567,attention,61
1646373810.928861,meditation,43
1646373811.971203,attention,57
1646373811.9721894,meditation,38
1646373812.9273267,attention,60
1646373812.9273267,meditation,34
1646373813.9283283,attention,66
1646373813.9283283,meditation,44
1646373814.928876,attention,66
1646373814.929884,meditation,48
1646373815.9276836,attention,80
1646373815.9286845,meditation,38
1646373816.9282196,attention,81
1646373816.9282196,meditation,51
1646373817.9301412,attention,75
1646373817.9321554,meditation,40
1646373818.9708676,attention,74
1646373818.9728823,meditation,40
1646373819.929472,attention,64
1646373819.929472,meditation,53
1646373820.929756,attention,56
1646373820.9307702,meditation,43
1646373821.930286,attention,75
1646373821.9313025,meditation,56
1646373822.9284165,attention,80
1646373822.9284165,meditation,60
1646373823.9299777,attention,75
1646373823.9309778,meditation,69
1646373824.9279785,attention,66
1646373824.928974,meditation,61
1646373825.942694,attention,67
1646373825.942694,meditation,61
1646373826.9277012,attention,78
1646373826.928696,meditation,61
1646373827.9402418,attention,77
1646373827.9402418,meditation,41
1646373828.9309287,attention,84
1646373828.9319336,meditation,41
1646373829.969044,attention,77
1646373829.9700491,meditation,40
1646373830.9280305,attention,60
1646373830.9280305,meditation,47
1646373831.929166,attention,61
1646373831.9301643,meditation,56
1646373832.927163,attention,56
1646373832.9281628,meditation,77
1646373833.9301202,attention,51
1646373833.9301202,meditation,69
1646373834.9301376,attention,51
1646373834.9311285,meditation,74
1646373835.9274554,attention,56
1646373835.9284601,meditation,64
1646373836.9624534,attention,66
1646373836.9634638,meditation,60
1646373837.9274492,attention,48
1646373837.9284546,meditation,70
1646373838.9274497,attention,64
1646373838.9284546,meditation,63
1646373839.9280498,attention,54
1646373839.9280498,meditation,70
1646373840.9290502,attention,44
1646373840.9300609,meditation,74
1646373841.9274135,attention,57
1646373841.9284146,meditation,74
1646373842.928458,attention,47
1646373842.928458,meditation,80
1646373843.9525595,attention,61
1646373843.9525595,meditation,66
1646373844.9305558,attention,56
1646373844.9315615,meditation,63
1646373845.9317234,attention,66
1646373845.9317234,meditation,51
1646373846.9277165,attention,66
1646373846.9277165,meditation,51
1646373847.9757125,attention,64
1646373847.9757125,meditation,34
1646373848.9304135,attention,60
1646373848.9314144,meditation,43
1646373849.9270825,attention,56
1646373849.9280844,meditation,30
1646373850.9681754,attention,56
1646373850.9711714,meditation,30
1646373851.9279704,attention,56
1646373851.9279704,meditation,30
1646373852.9280524,attention,56
1646373852.9290545,meditation,30
1646373853.927547,attention,57
1646373853.927547,meditation,51
1646373854.9751208,attention,66
1646373854.9751208,meditation,61
1646373855.9279592,attention,61
1646373855.9279592,meditation,57
1646373856.9282048,attention,64
1646373856.9292078,meditation,53
1646373857.9280581,attention,64
1646373857.9280581,meditation,38
1646373858.9274728,attention,64
1646373858.9274728,meditation,38
1646373859.9287128,attention,64
1646373859.9287128,meditation,38
1646373860.9287148,attention,56
1646373860.929727,meditation,41
1646373861.953738,attention,47
1646373861.954719,meditation,43
1646373862.9267132,attention,57
1646373862.9267132,meditation,70
1646373863.9273422,attention,51
1646373863.9278781,meditation,83
1646373864.9278586,attention,50
1646373864.9278586,meditation,75
1646373865.9475207,attention,64
1646373865.9475207,meditation,87
1646373866.9265146,attention,56
1646373866.927515,meditation,61
1646373867.9275177,attention,60
1646373867.9275177,meditation,47
1646373868.946667,attention,60
1646373868.9476848,meditation,51
1646373869.929558,attention,44
1646373869.9305596,meditation,43
1646373870.9285598,attention,48
1646373870.9295611,meditation,51
1646373871.9273982,attention,37
1646373871.9273982,meditation,54
1646373872.9734023,attention,41
1646373872.974399,meditation,66
1646373873.9287484,attention,47
1646373873.9297564,meditation,60
1646373874.9267461,attention,47
1646373874.9277468,meditation,56
1646373875.9277446,attention,56
1646373875.9277446,meditation,43
1646373876.9278653,attention,56
1646373876.9278653,meditation,35
1646373877.9277012,attention,70
1646373877.9277012,meditation,47
1646373878.9276938,attention,69
1646373878.9286935,meditation,56
1646373879.9578474,attention,77
1646373879.9578474,meditation,81
1646373880.9288461,attention,69
1646373880.9288461,meditation,77
1646373881.9278464,attention,75
1646373881.9278464,meditation,61
1646373882.9278445,attention,75
1646373882.9288464,meditation,61
1646373883.9298477,attention,75
1646373883.9298477,meditation,61
1646373884.9273958,attention,84
1646373884.928401,meditation,60
1646373885.9281793,attention,84
1646373885.9281793,meditation,60
1646373886.9397495,attention,84
1646373886.9407523,meditation,60
1646373887.9277532,attention,84
1646373887.9277532,meditation,60
1646373888.9318943,attention,84
1646373888.9318943,meditation,60
1646373889.9279494,attention,84
1646373889.9289546,meditation,60
1646373890.9739523,attention,83
1646373890.9749618,meditation,50
1646373891.9296045,attention,84
1646373891.930609,meditation,64
1646373892.9281495,attention,60
1646373892.9281495,meditation,60
1646373893.9311726,attention,50
1646373893.9321694,meditation,51
1646373894.9277031,attention,35
1646373894.9287045,meditation,43
1646373895.928895,attention,23
1646373895.9309266,meditation,13
1646373896.927893,attention,27
1646373896.927893,meditation,26
1646373897.9608788,attention,20
1646373897.9618778,meditation,38
1646373898.9276276,attention,30
1646373898.928629,meditation,53
1646373899.926646,attention,30
1646373899.926646,meditation,53
1646373900.9286482,attention,30
1646373900.9296508,meditation,53
1646373901.9265504,attention,30
1646373901.9265504,meditation,53
1646373902.9276404,attention,30
1646373902.9276404,meditation,53
1646373903.926861,attention,30
1646373903.9278607,meditation,53
1646373904.9508595,attention,30
1646373904.9528656,meditation,53
1646373905.927047,attention,30
1646373905.927047,meditation,53
1646373906.927047,attention,40
1646373906.927047,meditation,53
1646373907.9270492,attention,40
1646373907.9270492,meditation,53
1646373908.9470575,attention,40
1646373908.9470575,meditation,53
1646373909.925845,attention,48
1646373909.9268434,meditation,54
1646373910.9268496,attention,57
1646373910.927852,meditation,51
1646373911.9398472,attention,57
1646373911.9398472,meditation,51
1646373912.926949,attention,57
1646373912.926949,meditation,51
1646373913.9289753,attention,53
1646373913.9289753,meditation,50
1646373914.9266686,attention,69
1646373914.927671,meditation,67
1646373915.9736826,attention,69
1646373915.974678,meditation,74
1646373916.9267805,attention,74
1646373916.9267805,meditation,81
1646373917.9274337,attention,80
1646373917.9274337,meditation,83
1646373918.9337585,attention,70
1646373918.9367638,meditation,88
1646373919.9272807,attention,70
1646373919.9272807,meditation,88
1646373920.9269042,attention,70
1646373920.9269042,meditation,88
1646373921.9269056,attention,64
1646373921.9269056,meditation,84
1646373922.9534817,attention,66
1646373922.954481,meditation,80
1646373923.9281633,attention,70
1646373923.9281633,meditation,74
1646373924.9261632,attention,78
1646373924.9271636,meditation,64
1646373925.928066,attention,80
1646373925.9290662,meditation,63
1646373926.9260645,attention,75
1646373926.9270651,meditation,66
1646373927.926644,attention,75
1646373927.926644,meditation,66
1646373928.9266288,attention,64
1646373928.9266288,meditation,75
1646373929.9445565,attention,60
1646373929.9445565,meditation,69
1646373930.928839,attention,60
1646373930.928839,meditation,70
1646373931.926837,attention,60
1646373931.926837,meditation,70
1646373932.9300206,attention,60
1646373932.9300206,meditation,69
1646373933.9673548,attention,70
1646373933.9683676,meditation,63
1646373934.9273562,attention,67
1646373934.9283571,meditation,67
1646373935.9274902,attention,57
1646373935.9274902,meditation,69
1646373936.9274902,attention,57
1646373936.9274902,meditation,69
1646373937.9304998,attention,53
1646373937.931496,meditation,63
1646373938.929712,attention,41
1646373938.929712,meditation,57
1646373939.927678,attention,44
1646373939.927678,meditation,64
1646373940.9666786,attention,64
1646373940.9666786,meditation,57
1646373941.9283595,attention,57
1646373941.9283595,meditation,63
1646373942.9257064,attention,60
1646373942.926708,meditation,69
1646373943.9346316,attention,67
1646373943.9366548,meditation,53
1646373944.9269283,attention,70
1646373944.9279258,meditation,63
1646373945.9273984,attention,74
1646373945.9273984,meditation,37
1646373946.9254925,attention,87
1646373946.926489,meditation,40
1646373947.9438546,attention,88
1646373947.9448538,meditation,56
1646373948.9258566,attention,78
1646373948.9268548,meditation,48
1646373949.9267652,attention,84
1646373949.9267652,meditation,63
1646373950.926376,attention,70
1646373950.926376,meditation,54
1646373951.957634,attention,70
1646373951.9586291,meditation,54
1646373952.9269526,attention,70
1646373952.9269526,meditation,54
1646373953.927114,attention,63
1646373953.927114,meditation,60
1646373954.9341395,attention,60
1646373954.9351244,meditation,56
1646373955.92965,attention,60
1646373955.92965,meditation,53
1646373956.926645,attention,56
1646373956.926645,meditation,51
1646373957.9265816,attention,40
1646373957.9265816,meditation,26
1646373958.9754012,attention,41
1646373958.9754012,meditation,21
1646373959.9264956,attention,47
1646373959.9264956,meditation,24
1646373960.9265022,attention,51
1646373960.9265022,meditation,21
1646373961.9264932,attention,70
1646373961.9264932,meditation,40
1646373962.9264941,attention,66
1646373962.9264941,meditation,37
1646373963.9262767,attention,60
1646373963.927284,meditation,35
1646373964.9364107,attention,51
1646373964.9384096,meditation,40
1646373965.958689,attention,51
1646373965.9596891,meditation,34
1646373966.9266899,attention,53
1646373966.9266899,meditation,51
1646373967.9265041,attention,44
1646373967.9265041,meditation,48
1646373968.9261844,attention,61
1646373968.9261844,meditation,40
1646373969.926711,attention,38
1646373969.9277058,meditation,34
1646373970.9267104,attention,38
1646373970.9267104,meditation,34
1646373971.9277065,attention,27
1646373971.9277065,meditation,17
1646373972.9433262,attention,20
1646373972.9443264,meditation,34
1646373973.9265418,attention,1
1646373973.9275393,meditation,38
1646373974.9275408,attention,8
1646373974.9275408,meditation,35
1646373975.9265409,attention,21
1646373975.9265409,meditation,48
1646373976.979445,attention,21
1646373976.9804661,meditation,48
1646373977.9265873,attention,21
1646373977.9265873,meditation,48
1646373978.9267077,attention,41
1646373978.9267077,meditation,40
1646373979.926705,attention,60
1646373979.926705,meditation,47
1646373980.9274788,attention,64
1646373980.928478,meditation,57
1646373981.9271455,attention,56
1646373981.9271455,meditation,50
1646373982.9261377,attention,56
1646373982.9261377,meditation,50
1646373983.967147,attention,56
1646373983.968142,meditation,50
1646373984.9267125,attention,56
1646373984.9267125,meditation,50
1646373985.927713,attention,50
1646373985.9287298,meditation,51
1646373986.9263296,attention,48
1646373986.927328,meditation,54
1646373987.9393408,attention,47
1646373987.9403315,meditation,54
1646373988.926481,attention,48
1646373988.926481,meditation,64
1646373989.9264803,attention,54
1646373989.9264803,meditation,75
1646373990.9451923,attention,48
1646373990.946194,meditation,66
1646373991.9333193,attention,54
1646373991.9333193,meditation,67
1646373992.927335,attention,60
1646373992.927335,meditation,67
1646373993.9253335,attention,54
1646373993.9253335,meditation,64
1646373994.9452257,attention,66
1646373994.946223,meditation,70
1646373995.925744,attention,66
1646373995.925744,meditation,80
1646373996.925694,attention,63
1646373996.925694,meditation,75
1646373997.9306972,attention,63
1646373997.9306972,meditation,75
1646373998.925633,attention,75
1646373998.926634,meditation,69
1646373999.926278,attention,69
1646373999.926278,meditation,60
1646374000.9259298,attention,78
1646374000.9259298,meditation,47
1646374001.9714646,attention,80
1646374001.9734771,meditation,38
1646374002.9257736,attention,88
1646374002.9257736,meditation,37
1646374003.926778,attention,96
1646374003.926778,meditation,38
1646374004.9263358,attention,96
1646374004.9263358,meditation,43
1646374005.9253342,attention,96
1646374005.9253342,meditation,50
1646374006.9279134,attention,96
1646374006.9279134,meditation,50
1646374007.9254377,attention,84
1646374007.9254377,meditation,61
1646374008.9584682,attention,84
1646374008.9594455,meditation,61
1646374009.9264443,attention,61
1646374009.9264443,meditation,66
1646374010.9252942,attention,50
1646374010.9262953,meditation,78
1646374011.9252942,attention,50
1646374011.9252942,meditation,88
1646374012.9263005,attention,57
1646374012.9263005,meditation,75
1646374013.9252975,attention,74
1646374013.9252975,meditation,75
1646374014.9253025,attention,80
1646374014.9262972,meditation,63
1646374015.9328744,attention,77
1646374015.933855,meditation,56
1646374016.9253206,attention,70
1646374016.926322,meditation,51
1646374017.9253173,attention,64
1646374017.9253173,meditation,51
1646374018.9265926,attention,53
1646374018.9265926,meditation,54
1646374019.977585,attention,53
1646374019.977585,meditation,53
1646374020.9265862,attention,47
1646374020.9265862,meditation,75
1646374021.9255881,attention,47
1646374021.9255881,meditation,69
1646374022.9262335,attention,60
1646374022.9272332,meditation,69
1646374023.927274,attention,54
1646374023.927274,meditation,66
1646374024.9282746,attention,60
1646374024.9292758,meditation,53
1646374025.9262757,attention,74
1646374025.9262757,meditation,56
1646374026.9582453,attention,67
1646374026.9612408,meditation,47
1646374027.9252503,attention,75
1646374027.9262424,meditation,56
1646374028.9259758,attention,64
1646374028.9259758,meditation,56
1646374029.9259746,attention,60
1646374029.926976,meditation,57
1646374030.9267445,attention,60
1646374030.9267445,meditation,78
1646374031.9283874,attention,69
1646374031.9283874,meditation,84
1646374032.931961,attention,69
1646374032.932987,meditation,84
1646374033.94496,attention,77
1646374033.94496,meditation,87
1646374034.9255364,attention,70
1646374034.9265385,meditation,64
1646374035.9275374,attention,60
1646374035.9275374,meditation,50
1646374036.9261348,attention,60
1646374036.9261348,meditation,41
1646374037.968711,attention,69
1646374037.969729,meditation,34
1646374038.9258761,attention,64
1646374038.9258761,meditation,48
1646374039.9269614,attention,64
1646374039.9269614,meditation,60
1646374040.9310591,attention,56
1646374040.9310591,meditation,61
1646374041.9250433,attention,48
1646374041.9250433,meditation,70
1646374042.925043,attention,57
1646374042.925043,meditation,61
1646374043.9260428,attention,78
1646374043.9260428,meditation,41
1646374044.9596212,attention,77
1646374044.9596212,meditation,35
1646374045.92462,attention,70
1646374045.925617,meditation,27
1646374046.9246342,attention,80
1646374046.9256165,meditation,38
1646374047.9256158,attention,64
1646374047.9256158,meditation,50
1646374048.9246068,attention,64
1646374048.9246068,meditation,38
1646374049.9246075,attention,63
1646374049.9256096,meditation,44
1646374050.9251635,attention,54
1646374050.9251635,meditation,51
1646374051.9501736,attention,61
1646374051.951178,meditation,51
1646374052.9249945,attention,63
1646374052.9249945,meditation,63
1646374053.9265704,attention,74
1646374053.9265704,meditation,67
1646374054.9258468,attention,75
1646374054.9258468,meditation,70
1646374055.9258504,attention,75
1646374055.9258504,meditation,70
1646374056.9244182,attention,75
1646374056.9254184,meditation,70
1646374057.9254165,attention,75
1646374057.9254165,meditation,70
1646374058.9394813,attention,70
1646374058.9404807,meditation,69
1646374059.9250462,attention,75
1646374059.9250462,meditation,77
1646374060.927663,attention,74
1646374060.927663,meditation,56
1646374061.9256635,attention,75
1646374061.9256635,meditation,54
1646374062.974252,attention,74
1646374062.974252,meditation,69
1646374063.9254127,attention,70
1646374063.9254127,meditation,64
1646374064.9251437,attention,80
1646374064.9251437,meditation,84
1646374065.92599,attention,66
1646374065.9269907,meditation,70
1646374066.9250245,attention,66
1646374066.9260247,meditation,54
1646374067.928399,attention,67
1646374067.9304113,meditation,57
1646374068.926188,attention,60
1646374068.926188,meditation,40
1646374069.9582107,attention,83
1646374069.9591985,meditation,40
1646374070.92522,attention,80
1646374070.92522,meditation,34
1646374071.9263418,attention,63
1646374071.9263418,meditation,40
1646374072.9272628,attention,60
1646374072.9272628,meditation,48
1646374073.9257994,attention,51
1646374073.9257994,meditation,61
1646374074.9248652,attention,63
1646374074.9258704,meditation,64
1646374075.92709,attention,63
1646374075.92709,meditation,64
1646374076.9442506,attention,80
1646374076.9442506,meditation,54
1646374077.9248257,attention,90
1646374077.9248257,meditation,51
1646374078.9270332,attention,90
1646374078.9270332,meditation,51
1646374079.9250352,attention,91
1646374079.926034,meditation,48
1646374080.942254,attention,75
1646374080.942254,meditation,57
1646374081.9297783,attention,69
1646374081.931784,meditation,61
1646374082.9265535,attention,54
1646374082.9265535,meditation,66
1646374083.937567,attention,44
1646374083.9385705,meditation,78
1646374084.9251876,attention,57
1646374084.9261894,meditation,74
1646374085.9291904,attention,64
1646374085.9291904,meditation,60
1646374086.9240987,attention,66
1646374086.9240987,meditation,60
1646374087.9581,attention,83
1646374087.9590993,meditation,43
1646374088.9246902,attention,66
1646374088.9246902,meditation,43
1646374089.9237046,attention,56
1646374089.9246907,meditation,53
1646374090.9260714,attention,61
1646374090.9260714,meditation,54
1646374091.926069,attention,60
1646374091.926069,meditation,66
1646374092.924294,attention,74
1646374092.924294,meditation,64
1646374093.924291,attention,69
1646374093.924291,meditation,64
1646374094.9550917,attention,78
1646374094.9560843,meditation,61
1646374095.925626,attention,78
1646374095.925626,meditation,53
1646374096.924633,attention,78
1646374096.92563,meditation,43
1646374097.924757,attention,78
1646374097.924757,meditation,43
1646374098.9240878,attention,91
1646374098.9240878,meditation,53
1646374099.9250948,attention,78
1646374099.9250948,meditation,50
1646374100.9244928,attention,67
1646374100.9254904,meditation,44
1646374101.9411848,attention,74
1646374101.9411848,meditation,61
1646374102.9238126,attention,70
1646374102.9248128,meditation,48
1646374103.924422,attention,75
1646374103.924422,meditation,50
1646374104.9248168,attention,70
1646374104.9248168,meditation,40
1646374105.971967,attention,64
1646374105.9729614,meditation,26
1646374106.9248667,attention,53
1646374106.9258635,meditation,29
1646374107.9248743,attention,35
1646374107.9258616,meditation,30
1646374108.9246693,attention,40
1646374108.9246693,meditation,50
1646374109.924183,attention,44
1646374109.924183,meditation,56
1646374110.925333,attention,44
1646374110.925333,meditation,57
1646374111.924474,attention,64
1646374111.924474,meditation,60
1646374112.9599943,attention,69
1646374112.9599943,meditation,51
1646374113.9250004,attention,67
1646374113.9250004,meditation,57
1646374114.9240615,attention,74
1646374114.9240615,meditation,56
1646374115.9290605,attention,74
1646374115.9300709,meditation,56
1646374116.9250638,attention,80
1646374116.9250638,meditation,63
1646374117.9247637,attention,78
1646374117.9247637,meditation,78
1646374118.9265125,attention,78
1646374118.9265125,meditation,84
1646374119.94169,attention,67
1646374119.9426913,meditation,75
1646374120.9243639,attention,57
1646374120.9243639,meditation,53
1646374121.925912,attention,53
1646374121.925912,meditation,44
1646374122.9245272,attention,54
1646374122.9245272,meditation,27
1646374123.9737022,attention,81
1646374123.974696,meditation,27
1646374124.9257097,attention,81
1646374124.9257097,meditation,27
1646374125.9248085,attention,81
1646374125.9248085,meditation,43
1646374126.9345145,attention,87
1646374126.9345145,meditation,43
1646374127.9240704,attention,90
1646374127.9250703,meditation,41
1646374128.925968,attention,80
1646374128.925968,meditation,48
1646374129.9240484,attention,69
1646374129.9250493,meditation,24
1646374130.9626153,attention,56
1646374130.9636214,meditation,23
1646374131.9246185,attention,41
1646374131.9246185,meditation,30
1646374132.9262466,attention,48
1646374132.9272473,meditation,29
1646374133.9263115,attention,57
1646374133.9263115,meditation,56
1646374134.9263215,attention,57
1646374134.9263215,meditation,56
1646374135.9248605,attention,57
1646374135.9248605,meditation,56
1646374136.9240205,attention,57
1646374136.9250221,meditation,56
1646374137.9446642,attention,57
1646374137.9446642,meditation,64
1646374138.9238656,attention,60
1646374138.9248464,meditation,60
1646374139.9238555,attention,48
1646374139.9248447,meditation,69
1646374140.923549,attention,50
1646374140.923549,meditation,50
1646374141.9500847,attention,70
1646374141.9500847,meditation,41
1646374142.9231393,attention,81
1646374142.9241343,meditation,38
1646374143.9251366,attention,81
1646374143.9251366,meditation,34
1646374144.936277,attention,91
1646374144.9372804,meditation,61
1646374145.923843,attention,75
1646374145.923843,meditation,60
1646374146.9248426,attention,81
1646374146.9258437,meditation,63
1646374147.9278388,attention,81
1646374147.9278388,meditation,53
1646374148.9716718,attention,67
1646374148.9726799,meditation,38
1646374149.925256,attention,78
1646374149.9262466,meditation,38
1646374150.923733,attention,78
1646374150.923733,meditation,47
1646374151.923733,attention,70
1646374151.923733,meditation,53
1646374152.9245317,attention,70
1646374152.9255216,meditation,63
1646374153.9235218,attention,61
1646374153.9245143,meditation,63
1646374154.9245174,attention,67
1646374154.9245174,meditation,63
1646374155.9585168,attention,78
1646374155.9595172,meditation,67
1646374156.9245164,attention,70
1646374156.9245164,meditation,61
1646374157.9235163,attention,80
1646374157.9235163,meditation,57
1646374158.9259365,attention,69
1646374158.9259365,meditation,63
1646374159.9249368,attention,67
1646374159.9249368,meditation,60
1646374160.9250875,attention,75
1646374160.9250875,meditation,61
1646374161.925169,attention,69
1646374161.925169,meditation,66
1646374162.9442973,attention,67
1646374162.945298,meditation,54
1646374163.924923,attention,56
1646374163.924923,meditation,54
1646374164.9242065,attention,61
1646374164.9242065,meditation,47
1646374165.9242067,attention,54
1646374165.9242067,meditation,47
1646374166.97246,attention,47
1646374166.9734619,meditation,64
1646374167.924046,attention,53
1646374167.9250455,meditation,63
1646374168.9250257,attention,40
1646374168.9250257,meditation,60
1646374169.9247143,attention,50
1646374169.9247143,meditation,67
1646374170.9247918,attention,56
1646374170.9247918,meditation,44
1646374171.9240322,attention,44
1646374171.9250314,meditation,41
1646374172.9236627,attention,74
1646374172.9236627,meditation,50
1646374173.9566674,attention,56
1646374173.9566674,meditation,16
1646374174.9256682,attention,53
1646374174.9266658,meditation,26
1646374175.9246683,attention,63
1646374175.925668,meditation,35
1646374176.9264162,attention,63
1646374176.9264162,meditation,35
1646374177.9254162,attention,63
1646374177.9254162,meditation,35
1646374178.92334,attention,40
1646374178.9243374,meditation,41
1646374179.9368732,attention,48
1646374179.9378717,meditation,67
1646374180.9465253,attention,51
1646374180.9465253,meditation,80
1646374181.9275239,attention,64
1646374181.9285262,meditation,66
1646374182.9269402,attention,75
1646374182.9269402,meditation,66
1646374183.9255338,attention,66
1646374183.9255338,meditation,63
1646374184.9425955,attention,61
1646374184.9425955,meditation,48
1646374185.9255981,attention,30
1646374185.9255981,meditation,53
1646374186.9247565,attention,27
1646374186.9257398,meditation,53
1646374187.9307303,attention,29
1646374187.9317443,meditation,53
1646374188.9254088,attention,56
1646374188.9254088,meditation,54
1646374189.9234145,attention,84
1646374189.9234145,meditation,56
1646374190.926114,attention,87
1646374190.926114,meditation,47
1646374191.967106,attention,94
1646374191.9681158,meditation,47
1646374192.924321,attention,67
1646374192.9263203,meditation,61
1646374193.9233186,attention,60
1646374193.9243207,meditation,64
1646374194.9234583,attention,60
1646374194.9234583,meditation,64
1646374195.9234567,attention,60
1646374195.9234567,meditation,64
1646374196.92348,attention,60
1646374196.92348,meditation,64
1646374197.9244835,attention,60
1646374197.9244835,meditation,64
1646374198.957022,attention,60
1646374198.957022,meditation,64
1646374199.9230235,attention,60
1646374199.9230235,meditation,64
1646374200.9260235,attention,54
1646374200.9260235,meditation,69
1646374201.9230235,attention,35
1646374201.9240222,meditation,83
1646374202.9249527,attention,41
1646374202.9259481,meditation,77
1646374203.9239492,attention,41
1646374203.9239492,meditation,77
1646374204.9257393,attention,47
1646374204.926738,meditation,80
1646374205.9418433,attention,47
1646374205.9418433,meditation,80
1646374206.9241085,attention,47
1646374206.9241085,meditation,80
1646374207.9241183,attention,47
1646374207.9241183,meditation,80
1646374208.9232097,attention,47
1646374208.9232097,meditation,80
1646374209.972223,attention,51
1646374209.9742267,meditation,91
1646374210.924966,attention,74
1646374210.924966,meditation,83
1646374211.9420393,attention,74
1646374211.9420393,meditation,83
1646374212.929191,attention,74
1646374212.929191,meditation,83
1646374213.9251947,attention,74
1646374213.9251947,meditation,77
1646374214.92733,attention,63
1646374214.92733,meditation,77
1646374215.9273233,attention,63
1646374215.9273233,meditation,77
1646374216.9638934,attention,63
1646374216.9648807,meditation,77
1646374217.923961,attention,54
1646374217.923961,meditation,74
1646374218.9235952,attention,48
1646374218.92457,meditation,81
1646374219.9245708,attention,48
1646374219.9245708,meditation,94
1646374220.9236324,attention,53
1646374220.9246323,meditation,84
1646374221.925633,attention,69
1646374221.925633,meditation,83
1646374222.9261818,attention,56
1646374222.9261818,meditation,64
1646374223.946178,attention,56
1646374223.9471896,meditation,43
1646374224.924747,attention,47
1646374224.9257433,meditation,51
1646374225.9233305,attention,47
1646374225.9273272,meditation,51
1646374226.9231882,attention,34
1646374226.9241862,meditation,24
1646374227.9431875,attention,37
1646374227.9431875,meditation,30
1646374228.9237044,attention,40
1646374228.9246955,meditation,50
1646374229.9236913,attention,38
1646374229.9236913,meditation,47
1646374230.9283278,attention,40
1646374230.9283278,meditation,78
1646374231.9243984,attention,41
1646374231.9253817,meditation,77
1646374232.924368,attention,38
1646374232.924368,meditation,75
1646374233.923358,attention,60
1646374233.9243584,meditation,75
1646374234.9794645,attention,61
1646374234.9804654,meditation,63
1646374235.9234738,attention,70
1646374235.924466,meditation,74
1646374236.9250937,attention,74
1646374236.9250937,meditation,61
1646374237.9261417,attention,60
1646374237.9261417,meditation,61
1646374238.927267,attention,50
1646374238.9282677,meditation,66
1646374239.9268486,attention,41
1646374239.9268486,meditation,56
1646374240.923858,attention,43
1646374240.923858,meditation,63
1646374241.95885,attention,37
1646374241.95885,meditation,54
1646374242.923854,attention,37
1646374242.923854,meditation,54
1646374243.9306474,attention,37
1646374243.9306474,meditation,54
1646374244.9236403,attention,40
1646374244.9246397,meditation,43
1646374245.9243577,attention,40
1646374245.9243577,meditation,43
1646374246.9252348,attention,40
1646374246.9262347,meditation,43
1646374247.9237182,attention,40
1646374247.9247072,meditation,43
1646374248.9491603,attention,57
1646374248.9501603,meditation,44
1646374249.9247353,attention,57
1646374249.9247353,meditation,44
1646374250.9235032,attention,63
1646374250.924504,meditation,50
1646374251.9237304,attention,56
1646374251.92472,meditation,64
1646374252.972466,attention,56
1646374252.9734674,meditation,77
1646374253.9234493,attention,37
1646374253.9234493,meditation,75
1646374254.9244869,attention,35
1646374254.9244869,meditation,81
1646374255.9244912,attention,53
1646374255.9254916,meditation,70
1646374256.9274867,attention,53
1646374256.928488,meditation,70
1646374257.9239113,attention,63
1646374257.9239113,meditation,77
1646374258.9253008,attention,63
1646374258.9253008,meditation,77
1646374259.962295,attention,69
1646374259.962295,meditation,81
1646374260.9238248,attention,61
1646374260.9238248,meditation,66
1646374261.9268215,attention,57
1646374261.9278193,meditation,70
1646374262.9238207,attention,57
1646374262.9238207,meditation,64
1646374263.924824,attention,54
1646374263.924824,meditation,50
1646374264.930012,attention,61
1646374264.930012,meditation,50
1646374265.9245088,attention,48
1646374265.9255114,meditation,43
1646374266.9437222,attention,48
1646374266.9447052,meditation,43
1646374267.923807,attention,56
1646374267.923807,meditation,43
1646374268.9237754,attention,56
1646374268.9247735,meditation,43
1646374269.924174,attention,57
1646374269.924174,meditation,63
1646374270.9428694,attention,47
1646374270.9428694,meditation,48
1646374271.9224994,attention,61
1646374271.9245021,meditation,54
1646374272.9250646,attention,40
1646374272.9250646,meditation,40
1646374273.9256046,attention,30
1646374273.9266033,meditation,24
1646374274.9231324,attention,50
1646374274.9231324,meditation,43
1646374275.9311402,attention,57
1646374275.932139,meditation,41
1646374276.9252124,attention,63
1646374276.9252124,meditation,61
1646374277.963463,attention,83
1646374277.963463,meditation,77
1646374278.9220574,attention,70
1646374278.9230363,meditation,83
1646374279.9221628,attention,70
1646374279.9221628,meditation,83
1646374280.9231486,attention,69
1646374280.9231486,meditation,80
1646374281.922379,attention,60
1646374281.9233856,meditation,63
1646374282.9226835,attention,47
1646374282.923669,meditation,56
1646374283.9244096,attention,47
1646374283.9244096,meditation,41
1646374284.948418,attention,38
1646374284.949413,meditation,35
1646374285.923129,attention,50
1646374285.9241276,meditation,51
1646374286.9241319,attention,51
1646374286.9241319,meditation,41
1646374287.9242928,attention,54
1646374287.9252872,meditation,56
1646374288.92291,attention,53
1646374288.9239058,meditation,69
1646374289.9241257,attention,48
1646374289.9241257,meditation,60
1646374290.9231293,attention,53
1646374290.9241464,meditation,69
1646374291.9355414,attention,53
1646374291.9355414,meditation,69
1646374292.923654,attention,54
1646374292.923654,meditation,69
1646374293.9221497,attention,63
1646374293.9231393,meditation,66
1646374294.923139,attention,77
1646374294.923139,meditation,57
1646374295.9718025,attention,75
1646374295.9727857,meditation,50
1646374296.9227834,attention,75
1646374296.9227834,meditation,35
1646374297.9247828,attention,60
1646374297.9247828,meditation,26
1646374298.9251668,attention,60
1646374298.9251668,meditation,26
1646374299.9240024,attention,60
1646374299.9240024,meditation,26
1646374300.9235537,attention,60
1646374300.9235537,meditation,26
1646374301.924405,attention,60
1646374301.9253967,meditation,26
1646374302.9566083,attention,60
1646374302.9575949,meditation,26
1646374303.922197,attention,60
1646374303.9242148,meditation,26
1646374304.9227757,attention,51
1646374304.9227757,meditation,48
1646374305.9240396,attention,63
1646374305.9240396,meditation,54
1646374306.923566,attention,63
1646374306.923566,meditation,54
1646374307.9414694,attention,63
1646374307.9424584,meditation,54
1646374308.923061,attention,63
1646374308.923061,meditation,54
1646374309.9507327,attention,63
1646374309.9517262,meditation,54
1646374310.9234233,attention,63
1646374310.9234233,meditation,54
1646374311.923511,attention,63
1646374311.923511,meditation,63
1646374312.9235487,attention,66
1646374312.9235487,meditation,63
1646374313.954553,attention,66
1646374313.95554,meditation,56
1646374314.9241707,attention,47
1646374314.9251535,meditation,56
1646374315.9251556,attention,38
1646374315.9271538,meditation,51
1646374316.9314265,attention,44
1646374316.932443,meditation,67
1646374317.923275,attention,48
1646374317.924274,meditation,53
1646374318.923835,attention,53
1646374318.9248366,meditation,53
1646374319.932277,attention,53
1646374319.9342885,meditation,53
1646374320.9604583,attention,60
1646374320.9604583,meditation,60
1646374321.9237943,attention,60
1646374321.9237943,meditation,60
1646374322.9243147,attention,60
1646374322.9243147,meditation,60
1646374323.9233189,attention,57
1646374323.9233189,meditation,51
1646374324.9248984,attention,48
1646374324.9248984,meditation,53
1646374325.9244258,attention,54
1646374325.9254165,meditation,53
1646374326.9251444,attention,63
1646374326.9251444,meditation,57
1646374327.9453568,attention,63
1646374327.9463615,meditation,57
1646374328.9232047,attention,54
1646374328.9232047,meditation,69
1646374329.9233403,attention,50
1646374329.9233403,meditation,74
1646374330.924335,attention,50
1646374330.9253242,meditation,78
1646374331.926105,attention,50
1646374331.926105,meditation,78
1646374332.9241188,attention,51
1646374332.9251132,meditation,80
1646374333.926904,attention,51
1646374333.926904,meditation,80
1646374334.9360163,attention,66
1646374334.9370093,meditation,63
1646374335.923781,attention,84
1646374335.923781,meditation,69
1646374336.9229083,attention,84
1646374336.9238958,meditation,69
1646374337.9217353,attention,84
1646374337.9227507,meditation,69
1646374338.9679122,attention,84
1646374338.9679122,meditation,69
1646374339.931925,attention,77
1646374339.9329116,meditation,60
1646374340.9229074,attention,77
1646374340.9229074,meditation,60
1646374341.9224315,attention,64
1646374341.9224315,meditation,64
1646374342.9230137,attention,60
1646374342.9230137,meditation,57
1646374343.9239476,attention,50
1646374343.9239476,meditation,54
1646374344.9234796,attention,54
1646374344.9234796,meditation,61
1646374345.9573693,attention,57
1646374345.9573693,meditation,51
1646374346.9233832,attention,64
1646374346.9243784,meditation,61
1646374347.922573,attention,64
1646374347.9235551,meditation,61
1646374348.9222357,attention,63
1646374348.9232209,meditation,66
1646374349.9231782,attention,60
1646374349.9251807,meditation,75
1646374350.9234402,attention,60
1646374350.9234402,meditation,81
1646374351.9232142,attention,48
1646374351.9232142,meditation,84
1646374352.9451997,attention,44
1646374352.9451997,meditation,70
1646374353.92204,attention,37
1646374353.9230442,meditation,50
1646374354.9230337,attention,29
1646374354.9230337,meditation,30
1646374355.9232793,attention,27
1646374355.9242911,meditation,35
1646374356.940277,attention,26
1646374356.940277,meditation,40
1646374357.9237027,attention,38
1646374357.9247077,meditation,56
1646374358.9222853,attention,37
1646374358.9232762,meditation,60
1646374359.9290862,attention,41
1646374359.9290862,meditation,54
1646374360.9231985,attention,43
1646374360.9231985,meditation,54
1646374361.923452,attention,40
1646374361.923452,meditation,61
1646374362.9235494,attention,40
1646374362.9235494,meditation,61
1646374363.9612288,attention,40
1646374363.9612288,meditation,61
1646374364.9232285,attention,56
1646374364.9232285,meditation,64
1646374365.9222295,attention,56
1646374365.9232268,meditation,64
1646374366.9222364,attention,50
1646374366.9232433,meditation,66
1646374367.9244366,attention,48
1646374367.9244366,meditation,57
1646374368.9221108,attention,35
1646374368.9231036,meditation,44
1646374369.923819,attention,23
1646374369.9248183,meditation,50
1646374370.9535422,attention,26
1646374370.9555562,meditation,63
1646374371.939975,attention,29
1646374371.942958,meditation,81
1646374372.9240751,attention,29
1646374372.9240751,meditation,81
1646374373.9220743,attention,47
1646374373.9240713,meditation,84
1646374374.922083,attention,47
1646374374.924072,meditation,84
1646374375.923073,attention,47
1646374375.9240744,meditation,84
1646374376.9230714,attention,47
1646374376.9230714,meditation,84
1646374377.9323704,attention,47
1646374377.9323704,meditation,84
1646374378.9225554,attention,47
1646374378.923553,meditation,84
1646374379.9215379,attention,47
1646374379.9215379,meditation,84
1646374380.921541,attention,0
1646374380.9225357,meditation,0
1646374381.966031,attention,0
1646374381.966031,meditation,0
1646374382.922592,attention,0
1646374382.9235823,meditation,0
1646374383.9236143,attention,0
1646374383.9236143,meditation,0
1646374384.926739,attention,0
1646374384.926739,meditation,0
1646374385.9256902,attention,0
1646374385.9256902,meditation,0
1646374386.9222186,attention,0
1646374386.9232163,meditation,0
1646374387.9223652,attention,0
1646374387.9223652,meditation,0
1646374388.9561188,attention,0
1646374388.9571142,meditation,0
1646374389.9236343,attention,0
1646374389.9246361,meditation,0
1646374390.923656,attention,61
1646374390.9246354,meditation,69
1646374391.9221764,attention,51
1646374391.9231846,meditation,75
1646374392.9241843,attention,69
1646374392.9241843,meditation,69
1646374393.923186,attention,60
1646374393.923186,meditation,78
1646374394.923196,attention,56
1646374394.9241939,meditation,88
1646374395.941327,attention,53
1646374395.941327,meditation,83
1646374396.9236026,attention,41
1646374396.9245982,meditation,88
1646374397.923331,attention,41
1646374397.9243274,meditation,88
1646374398.9222383,attention,41
1646374398.923219,meditation,88
1646374399.9661734,attention,41
1646374399.9661734,meditation,88
1646374400.9226909,attention,40
1646374400.9226909,meditation,78
1646374401.922464,attention,40
1646374401.923451,meditation,78
1646374402.9294474,attention,40
1646374402.9304476,meditation,78
1646374403.9414475,attention,35
1646374403.9414475,meditation,94
1646374404.925451,attention,57
1646374404.925451,meditation,88
1646374405.9241118,attention,57
1646374405.9241118,meditation,88
1646374406.961111,attention,57
1646374406.961111,meditation,88
1646374407.9231143,attention,57
1646374407.9251144,meditation,88
1646374408.9243433,attention,51
1646374408.9243433,meditation,90
1646374409.9236946,attention,51
1646374409.924683,meditation,90
1646374410.9226792,attention,51
1646374410.9226792,meditation,90
1646374411.9230537,attention,51
1646374411.9230537,meditation,90
1646374412.9226174,attention,51
1646374412.9236078,meditation,90
1646374413.9461613,attention,51
1646374413.9471548,meditation,90
1646374414.9257998,attention,37
1646374414.9257998,meditation,88
1646374415.9234788,attention,37
1646374415.9234788,meditation,88
1646374416.922829,attention,37
1646374416.922829,meditation,88
1646374417.9411986,attention,37
1646374417.9411986,meditation,88
1646374418.9247656,attention,37
1646374418.9247656,meditation,88
1646374419.9226663,attention,37
1646374419.9226663,meditation,88
1646374420.928668,attention,37
1646374420.9296694,meditation,88
1646374421.9228504,attention,37
1646374421.9238532,meditation,88
1646374422.9222515,attention,37
1646374422.9222515,meditation,88
1646374423.9216297,attention,41
1646374423.9216297,meditation,84
1646374424.9677176,attention,41
1646374424.9677176,meditation,84
1646374425.9229417,attention,41
1646374425.9229417,meditation,84
1646374426.9219427,attention,41
1646374426.9229453,meditation,84
1646374427.9259284,attention,40
1646374427.9269326,meditation,80
1646374428.9218798,attention,35
1646374428.9218798,meditation,66
1646374429.9208643,attention,40
1646374429.9218652,meditation,70
1646374430.9218788,attention,21
1646374430.922875,meditation,56
1646374431.9552546,attention,1
1646374431.956251,meditation,57
1646374432.9218109,attention,1
1646374432.9218109,meditation,67
1646374433.9228163,attention,21
1646374433.9228163,meditation,75
1646374434.9218075,attention,30
1646374434.9218075,meditation,87
1646374435.9534144,attention,30
1646374435.9544227,meditation,84
1646374436.9229546,attention,37
1646374436.9239478,meditation,87
1646374437.9233036,attention,26
1646374437.9233036,meditation,66
1646374438.9417987,attention,38
1646374438.9417987,meditation,56
1646374439.9214635,attention,48
1646374439.922464,meditation,63
1646374440.9234576,attention,47
1646374440.9234576,meditation,60
1646374441.9237301,attention,35
1646374441.9237301,meditation,74
1646374442.9623427,attention,20
1646374442.9633467,meditation,80
1646374443.9226422,attention,20
1646374443.9226422,meditation,80
1646374444.9227319,attention,14
1646374444.9237144,meditation,69
1646374445.9236107,attention,14
1646374445.9246066,meditation,74
1646374446.9231715,attention,35
1646374446.92416,meditation,77
1646374447.9226105,attention,48
1646374447.9235976,meditation,74
1646374448.922237,attention,51
1646374448.9232535,meditation,64
1646374449.9567473,attention,40
1646374449.9577484,meditation,63
1646374450.9217508,attention,38
1646374450.9227471,meditation,60
1646374451.9217887,attention,38
1646374451.9217887,meditation,60
1646374452.9247897,attention,20
1646374452.9247897,meditation,66
1646374453.9229765,attention,13
1646374453.9229765,meditation,78
1646374454.9229841,attention,43
1646374454.923981,meditation,66
1646374455.9236193,attention,43
1646374455.9236193,meditation,66
1646374456.943949,attention,43
1646374456.943949,meditation,66
1646374457.923776,attention,43
1646374457.923776,meditation,66
1646374458.9207425,attention,34
1646374458.921731,meditation,60
1646374459.921602,attention,34
1646374459.921602,meditation,60
1646374460.9405951,attention,47
1646374460.9415927,meditation,69
1646374461.923027,attention,51
1646374461.9240239,meditation,70
1646374462.925114,attention,51
1646374462.9261134,meditation,70
1646374463.9260044,attention,51
1646374463.927004,meditation,70
1646374464.922009,attention,51
1646374464.9230094,meditation,70
1646374465.921755,attention,51
1646374465.9227474,meditation,70
1646374466.9242964,attention,51
1646374466.9242964,meditation,70
1646374467.9663146,attention,51
1646374467.9673207,meditation,70
1646374468.9232907,attention,0
1646374468.9232907,meditation,0
1646374469.9219813,attention,0
1646374469.9219813,meditation,0
1646374470.9219897,attention,0
1646374470.9229755,meditation,0
1646374471.9316204,attention,0
1646374471.9326158,meditation,0
1646374472.923922,attention,0
1646374472.9249094,meditation,0
1646374473.9229333,attention,0
1646374473.9239244,meditation,0
1646374474.9484572,attention,0
1646374474.9494512,meditation,0
1646374475.9234521,attention,0
1646374475.9234521,meditation,0
1646374476.9224694,attention,0
1646374476.9234653,meditation,0
1646374477.9231963,attention,0
1646374477.9231963,meditation,0
1646374478.9215884,attention,0
1646374478.9215884,meditation,0
1646374479.9208071,attention,0
1646374479.921809,meditation,0
1646374480.922815,attention,0
1646374480.9248013,meditation,0
1646374481.9410617,attention,0
1646374481.9410617,meditation,0
1646374482.921633,attention,0
1646374482.921633,meditation,0
1646374483.921641,attention,0
1646374483.921641,meditation,0
1646374484.9216323,attention,26
1646374484.9226353,meditation,75
1646374485.963358,attention,26
1646374485.9643552,meditation,75
1646374486.9213579,attention,26
1646374486.9223628,meditation,75
1646374487.9213727,attention,44
1646374487.922354,meditation,77
1646374488.9205472,attention,57
1646374488.9215376,meditation,77
1646374489.9247715,attention,43
1646374489.9257576,meditation,83
1646374490.9233627,attention,56
1646374490.9233627,meditation,80
1646374491.9210405,attention,48
1646374491.9220238,meditation,87
1646374492.9546857,attention,20
1646374492.9556813,meditation,66
1646374493.9218957,attention,38
1646374493.9218957,meditation,75
1646374494.923033,attention,38
1646374494.9240296,meditation,75
1646374495.9198027,attention,38
1646374495.920785,meditation,75
1646374496.9218633,attention,38
1646374496.922855,meditation,75
1646374497.9216151,attention,38
1646374497.9226143,meditation,75
1646374498.9216154,attention,14
1646374498.9216154,meditation,77
1646374499.940411,attention,1
1646374499.940411,meditation,93
1646374500.922417,attention,1
1646374500.9234114,meditation,94
1646374501.9212523,attention,1
1646374501.922246,meditation,91
1646374502.9212575,attention,1
1646374502.9212575,meditation,83
1646374503.94115,attention,1
1646374503.94115,meditation,83
1646374504.922153,attention,4
1646374504.92415,meditation,83
1646374505.9222684,attention,29
1646374505.9222684,meditation,74
1646374506.951317,attention,57
1646374506.9553125,meditation,60
1646374507.921998,attention,57
1646374507.9229772,meditation,60
1646374508.9229994,attention,57
1646374508.9239855,meditation,60
1646374509.92165,attention,57
1646374509.922663,meditation,60
1646374510.9586313,attention,57
1646374510.9586313,meditation,60
1646374511.921464,attention,57
1646374511.922459,meditation,60
1646374512.92049,attention,57
1646374512.921487,meditation,60
1646374513.9204776,attention,0
1646374513.9204776,meditation,0
1646374514.9204795,attention,0
1646374514.9204795,meditation,0
1646374515.9204764,attention,0
1646374515.9204764,meditation,0
